1,shivam,65646546554,shivamemai@email.com
2,anita,9876543210,anita.kumar@example.com
3,rajesh,9123456789,rajesh.singh@example.com
4,neha,9988776655,neha.patel@example.com
5,aman,9012345678,aman.verma@example.com
6,sanya,9345678901,sanya.rao@example.com
7,vikram,9456789012,vikram.jain@example.com
8,preeti,9567890123,preeti.gupta@example.com
9,kiran,9678901234,kiran.mishra@example.com
10,deepak,9789012345,deepak.sharma@example.com
11,ritu,9890123456,ritu.khan@example.com
12,arun,9901234567,arun.sahu@example.com
13,meera,9012345679,meera.das@example.com
14,priya,9123456780,priya.bhatia@example.com
15,tarun,9234567890,tarun.agarwal@example.com
16,radhika,9345678902,radhika.srivastava@example.com
17,manish,9456789013,manish.maurya@example.com
18,sonia,9567890124,sonia.kaur@example.com
19,akash,9678901235,akash.chopra@example.com
20,divya,9789012346,divya.nambiar@example.com
